"id","MC","link","code"
1,"MC4","https://samgu.eu.qualtrics.com/jfe/form/SV_eVPxLZ4liQjgIU6",NA
2,"MC4","https://samgu.eu.qualtrics.com/jfe/form/SV_eVPxLZ4liQjgIU6",NA
3,"MC4","https://samgu.eu.qualtrics.com/jfe/form/SV_eVPxLZ4liQjgIU6",NA
4,"MC5","https://samgu.eu.qualtrics.com/jfe/form/SV_6PWdoXFv4Sr7Vyu",NA
5,"MC3","https://samgu.eu.qualtrics.com/jfe/form/SV_byMwvFy8eNHzsJE",NA
6,"MC4","https://samgu.eu.qualtrics.com/jfe/form/SV_eVPxLZ4liQjgIU6",NA
7,"MC3","https://samgu.eu.qualtrics.com/jfe/form/SV_byMwvFy8eNHzsJE",NA
8,"MC4","https://samgu.eu.qualtrics.com/jfe/form/SV_eVPxLZ4liQjgIU6",NA
9,"MC5","https://samgu.eu.qualtrics.com/jfe/form/SV_6PWdoXFv4Sr7Vyu",NA
10,"MC3","https://samgu.eu.qualtrics.com/jfe/form/SV_byMwvFy8eNHzsJE",NA
11,"MC5","https://samgu.eu.qualtrics.com/jfe/form/SV_6PWdoXFv4Sr7Vyu",NA
12,"MC5","https://samgu.eu.qualtrics.com/jfe/form/SV_6PWdoXFv4Sr7Vyu",NA
13,"MC4","https://samgu.eu.qualtrics.com/jfe/form/SV_eVPxLZ4liQjgIU6",NA
14,"MC3","https://samgu.eu.qualtrics.com/jfe/form/SV_byMwvFy8eNHzsJE",NA
15,"MC3","https://samgu.eu.qualtrics.com/jfe/form/SV_byMwvFy8eNHzsJE",NA
16,"MC3","https://samgu.eu.qualtrics.com/jfe/form/SV_byMwvFy8eNHzsJE",NA
17,"MC4","https://samgu.eu.qualtrics.com/jfe/form/SV_eVPxLZ4liQjgIU6",NA
18,"MC4","https://samgu.eu.qualtrics.com/jfe/form/SV_eVPxLZ4liQjgIU6",NA
19,"MC3","https://samgu.eu.qualtrics.com/jfe/form/SV_byMwvFy8eNHzsJE",NA
20,"MC3","https://samgu.eu.qualtrics.com/jfe/form/SV_byMwvFy8eNHzsJE",NA
21,"MC4","https://samgu.eu.qualtrics.com/jfe/form/SV_eVPxLZ4liQjgIU6",NA
22,"MC5","https://samgu.eu.qualtrics.com/jfe/form/SV_6PWdoXFv4Sr7Vyu",NA
23,"MC4","https://samgu.eu.qualtrics.com/jfe/form/SV_eVPxLZ4liQjgIU6",NA
24,"MC3","https://samgu.eu.qualtrics.com/jfe/form/SV_byMwvFy8eNHzsJE",NA
25,"MC5","https://samgu.eu.qualtrics.com/jfe/form/SV_6PWdoXFv4Sr7Vyu",NA
26,"MC4","https://samgu.eu.qualtrics.com/jfe/form/SV_eVPxLZ4liQjgIU6",NA
27,"MC4","https://samgu.eu.qualtrics.com/jfe/form/SV_eVPxLZ4liQjgIU6",NA
28,"MC5","https://samgu.eu.qualtrics.com/jfe/form/SV_6PWdoXFv4Sr7Vyu",NA
29,"MC4","https://samgu.eu.qualtrics.com/jfe/form/SV_eVPxLZ4liQjgIU6",NA
30,"MC3","https://samgu.eu.qualtrics.com/jfe/form/SV_byMwvFy8eNHzsJE",NA
31,"MC3","https://samgu.eu.qualtrics.com/jfe/form/SV_byMwvFy8eNHzsJE",NA
32,"MC5","https://samgu.eu.qualtrics.com/jfe/form/SV_6PWdoXFv4Sr7Vyu",NA
33,"MC4","https://samgu.eu.qualtrics.com/jfe/form/SV_eVPxLZ4liQjgIU6",NA
34,"MC3","https://samgu.eu.qualtrics.com/jfe/form/SV_byMwvFy8eNHzsJE",NA
35,"MC3","https://samgu.eu.qualtrics.com/jfe/form/SV_byMwvFy8eNHzsJE",NA
36,"MC3","https://samgu.eu.qualtrics.com/jfe/form/SV_byMwvFy8eNHzsJE",NA
37,"MC4","https://samgu.eu.qualtrics.com/jfe/form/SV_eVPxLZ4liQjgIU6",NA
38,"MC5","https://samgu.eu.qualtrics.com/jfe/form/SV_6PWdoXFv4Sr7Vyu",NA
39,"MC3","https://samgu.eu.qualtrics.com/jfe/form/SV_byMwvFy8eNHzsJE",NA
40,"MC3","https://samgu.eu.qualtrics.com/jfe/form/SV_byMwvFy8eNHzsJE",NA
41,"MC4","https://samgu.eu.qualtrics.com/jfe/form/SV_eVPxLZ4liQjgIU6",NA
42,"MC3","https://samgu.eu.qualtrics.com/jfe/form/SV_byMwvFy8eNHzsJE",NA
43,"MC4","https://samgu.eu.qualtrics.com/jfe/form/SV_eVPxLZ4liQjgIU6",NA
44,"MC4","https://samgu.eu.qualtrics.com/jfe/form/SV_eVPxLZ4liQjgIU6",NA
45,"MC5","https://samgu.eu.qualtrics.com/jfe/form/SV_6PWdoXFv4Sr7Vyu",NA
46,"MC5","https://samgu.eu.qualtrics.com/jfe/form/SV_6PWdoXFv4Sr7Vyu",NA
47,"MC4","https://samgu.eu.qualtrics.com/jfe/form/SV_eVPxLZ4liQjgIU6",NA
48,"MC4","https://samgu.eu.qualtrics.com/jfe/form/SV_eVPxLZ4liQjgIU6",NA
49,"MC5","https://samgu.eu.qualtrics.com/jfe/form/SV_6PWdoXFv4Sr7Vyu",NA
50,"MC3","https://samgu.eu.qualtrics.com/jfe/form/SV_byMwvFy8eNHzsJE",NA
51,"MC5","https://samgu.eu.qualtrics.com/jfe/form/SV_6PWdoXFv4Sr7Vyu",NA
52,"MC4","https://samgu.eu.qualtrics.com/jfe/form/SV_eVPxLZ4liQjgIU6",NA
53,"MC4","https://samgu.eu.qualtrics.com/jfe/form/SV_eVPxLZ4liQjgIU6",NA
54,"MC3","https://samgu.eu.qualtrics.com/jfe/form/SV_byMwvFy8eNHzsJE",NA
55,"MC3","https://samgu.eu.qualtrics.com/jfe/form/SV_byMwvFy8eNHzsJE",NA
56,"MC5","https://samgu.eu.qualtrics.com/jfe/form/SV_6PWdoXFv4Sr7Vyu",NA
57,"MC3","https://samgu.eu.qualtrics.com/jfe/form/SV_byMwvFy8eNHzsJE",NA
58,"MC4","https://samgu.eu.qualtrics.com/jfe/form/SV_eVPxLZ4liQjgIU6",NA
59,"MC3","https://samgu.eu.qualtrics.com/jfe/form/SV_byMwvFy8eNHzsJE",NA
60,"MC4","https://samgu.eu.qualtrics.com/jfe/form/SV_eVPxLZ4liQjgIU6",NA
61,"MC3","https://samgu.eu.qualtrics.com/jfe/form/SV_byMwvFy8eNHzsJE",NA
62,"MC5","https://samgu.eu.qualtrics.com/jfe/form/SV_6PWdoXFv4Sr7Vyu",NA
63,"MC3","https://samgu.eu.qualtrics.com/jfe/form/SV_byMwvFy8eNHzsJE",NA
64,"MC4","https://samgu.eu.qualtrics.com/jfe/form/SV_eVPxLZ4liQjgIU6",NA
65,"MC5","https://samgu.eu.qualtrics.com/jfe/form/SV_6PWdoXFv4Sr7Vyu",NA
66,"MC4","https://samgu.eu.qualtrics.com/jfe/form/SV_eVPxLZ4liQjgIU6",NA
67,"MC3","https://samgu.eu.qualtrics.com/jfe/form/SV_byMwvFy8eNHzsJE",NA
68,"MC4","https://samgu.eu.qualtrics.com/jfe/form/SV_eVPxLZ4liQjgIU6",NA
69,"MC5","https://samgu.eu.qualtrics.com/jfe/form/SV_6PWdoXFv4Sr7Vyu",NA
70,"MC3","https://samgu.eu.qualtrics.com/jfe/form/SV_byMwvFy8eNHzsJE",NA
71,"MC5","https://samgu.eu.qualtrics.com/jfe/form/SV_6PWdoXFv4Sr7Vyu",NA
72,"MC5","https://samgu.eu.qualtrics.com/jfe/form/SV_6PWdoXFv4Sr7Vyu",NA
73,"MC5","https://samgu.eu.qualtrics.com/jfe/form/SV_6PWdoXFv4Sr7Vyu",NA
74,"MC5","https://samgu.eu.qualtrics.com/jfe/form/SV_6PWdoXFv4Sr7Vyu",NA
75,"MC3","https://samgu.eu.qualtrics.com/jfe/form/SV_byMwvFy8eNHzsJE",NA
76,"MC5","https://samgu.eu.qualtrics.com/jfe/form/SV_6PWdoXFv4Sr7Vyu",NA
77,"MC3","https://samgu.eu.qualtrics.com/jfe/form/SV_byMwvFy8eNHzsJE",NA
78,"MC4","https://samgu.eu.qualtrics.com/jfe/form/SV_eVPxLZ4liQjgIU6",NA
79,"MC3","https://samgu.eu.qualtrics.com/jfe/form/SV_byMwvFy8eNHzsJE",NA
80,"MC3","https://samgu.eu.qualtrics.com/jfe/form/SV_byMwvFy8eNHzsJE",NA
81,"MC4","https://samgu.eu.qualtrics.com/jfe/form/SV_eVPxLZ4liQjgIU6",NA
82,"MC4","https://samgu.eu.qualtrics.com/jfe/form/SV_eVPxLZ4liQjgIU6",NA
83,"MC3","https://samgu.eu.qualtrics.com/jfe/form/SV_byMwvFy8eNHzsJE",NA
84,"MC5","https://samgu.eu.qualtrics.com/jfe/form/SV_6PWdoXFv4Sr7Vyu",NA
85,"MC5","https://samgu.eu.qualtrics.com/jfe/form/SV_6PWdoXFv4Sr7Vyu",NA
86,"MC4","https://samgu.eu.qualtrics.com/jfe/form/SV_eVPxLZ4liQjgIU6",NA
87,"MC5","https://samgu.eu.qualtrics.com/jfe/form/SV_6PWdoXFv4Sr7Vyu",NA
88,"MC5","https://samgu.eu.qualtrics.com/jfe/form/SV_6PWdoXFv4Sr7Vyu",NA
89,"MC5","https://samgu.eu.qualtrics.com/jfe/form/SV_6PWdoXFv4Sr7Vyu",NA
90,"MC5","https://samgu.eu.qualtrics.com/jfe/form/SV_6PWdoXFv4Sr7Vyu",NA
91,"MC3","https://samgu.eu.qualtrics.com/jfe/form/SV_byMwvFy8eNHzsJE",NA
92,"MC5","https://samgu.eu.qualtrics.com/jfe/form/SV_6PWdoXFv4Sr7Vyu",NA
93,"MC5","https://samgu.eu.qualtrics.com/jfe/form/SV_6PWdoXFv4Sr7Vyu",NA
94,"MC5","https://samgu.eu.qualtrics.com/jfe/form/SV_6PWdoXFv4Sr7Vyu",NA
95,"MC4","https://samgu.eu.qualtrics.com/jfe/form/SV_eVPxLZ4liQjgIU6",NA
96,"MC3","https://samgu.eu.qualtrics.com/jfe/form/SV_byMwvFy8eNHzsJE",NA
97,"MC4","https://samgu.eu.qualtrics.com/jfe/form/SV_eVPxLZ4liQjgIU6",NA
98,"MC3","https://samgu.eu.qualtrics.com/jfe/form/SV_byMwvFy8eNHzsJE",NA
99,"MC5","https://samgu.eu.qualtrics.com/jfe/form/SV_6PWdoXFv4Sr7Vyu",NA
100,"MC3","https://samgu.eu.qualtrics.com/jfe/form/SV_byMwvFy8eNHzsJE",NA
101,"MC3","https://samgu.eu.qualtrics.com/jfe/form/SV_byMwvFy8eNHzsJE",NA
102,"MC4","https://samgu.eu.qualtrics.com/jfe/form/SV_eVPxLZ4liQjgIU6",NA
103,"MC5","https://samgu.eu.qualtrics.com/jfe/form/SV_6PWdoXFv4Sr7Vyu",NA
104,"MC5","https://samgu.eu.qualtrics.com/jfe/form/SV_6PWdoXFv4Sr7Vyu",NA
105,"MC4","https://samgu.eu.qualtrics.com/jfe/form/SV_eVPxLZ4liQjgIU6",NA
106,"MC5","https://samgu.eu.qualtrics.com/jfe/form/SV_6PWdoXFv4Sr7Vyu",NA
107,"MC3","https://samgu.eu.qualtrics.com/jfe/form/SV_byMwvFy8eNHzsJE",NA
108,"MC5","https://samgu.eu.qualtrics.com/jfe/form/SV_6PWdoXFv4Sr7Vyu",NA
109,"MC5","https://samgu.eu.qualtrics.com/jfe/form/SV_6PWdoXFv4Sr7Vyu",NA
110,"MC3","https://samgu.eu.qualtrics.com/jfe/form/SV_byMwvFy8eNHzsJE",NA
111,"MC4","https://samgu.eu.qualtrics.com/jfe/form/SV_eVPxLZ4liQjgIU6",NA
112,"MC3","https://samgu.eu.qualtrics.com/jfe/form/SV_byMwvFy8eNHzsJE",NA
113,"MC4","https://samgu.eu.qualtrics.com/jfe/form/SV_eVPxLZ4liQjgIU6",NA
114,"MC5","https://samgu.eu.qualtrics.com/jfe/form/SV_6PWdoXFv4Sr7Vyu",NA
115,"MC3","https://samgu.eu.qualtrics.com/jfe/form/SV_byMwvFy8eNHzsJE",NA
116,"MC5","https://samgu.eu.qualtrics.com/jfe/form/SV_6PWdoXFv4Sr7Vyu",NA
117,"MC4","https://samgu.eu.qualtrics.com/jfe/form/SV_eVPxLZ4liQjgIU6",NA
118,"MC4","https://samgu.eu.qualtrics.com/jfe/form/SV_eVPxLZ4liQjgIU6",NA
119,"MC4","https://samgu.eu.qualtrics.com/jfe/form/SV_eVPxLZ4liQjgIU6",NA
120,"MC5","https://samgu.eu.qualtrics.com/jfe/form/SV_6PWdoXFv4Sr7Vyu",NA
